{
  "version": 1,
  "author": "CYPHER GAMING",
  "editor": "wokwi",
  "parts": [
    { "type": "wokwi-esp32-devkit-v1", "id": "esp", "top": -10, "left": 159.99, "attrs": {} },
    {
      "type": "wokwi-membrane-keypad",
      "id": "keypad1",
      "top": -58.9,
      "left": -170.49,
      "attrs": {}
    }
  ],
  "connections": [
    [ "esp:TX0", "$serialMonitor:RX", "", [] ],
    [ "esp:RX0", "$serialMonitor:TX", "", [] ],
    [ "keypad1:R1", "esp:D19", "green", [ "v0" ] ],
    [ "keypad1:R2", "esp:D18", "green", [ "v0" ] ],
    [ "keypad1:R3", "esp:D5", "green", [ "v0" ] ],
    [ "keypad1:R4", "esp:TX2", "green", [ "v0" ] ],
    [ "keypad1:C1", "esp:RX2", "green", [ "v0" ] ],
    [ "keypad1:C2", "esp:D4", "green", [ "v0" ] ],
    [ "keypad1:C3", "esp:D2", "green", [ "v0" ] ],
    [ "keypad1:C4", "esp:D15", "green", [ "v0" ] ]
  ]
}